city,year,rainfall,Mean Max Temperature,Solar exposure
Adelaide,1980,414.6,22.5,N/A
Adelaide,1981,537.2,22.3,N/A
Adelaide,1982,286.2,22.8,N/A
Adelaide,1983,576.2,22.2,N/A
Adelaide,1984,389.8,21.6,N/A
Adelaide,1985,378.8,21.9,N/A
Adelaide,1986,480.6,21.5,N/A
Adelaide,1987,510.4,22.1,N/A
Adelaide,1988,441.6,23,N/A
Adelaide,1989,403.4,22.2,N/A
Adelaide,1990,375.2,22.6,16.4
Adelaide,1991,397.6,22.4,17
Adelaide,1992,730.8,21,15
Adelaide,1993,489.6,22.4,16.4
Adelaide,1994,326.6,21.8,16.8
Adelaide,1995,420.4,21.6,16.7
Adelaide,1996,477.8,21.4,17.5
Adelaide,1997,468.6,22,17.2
Adelaide,1998,450.6,22.2,17.8
Adelaide,1999,466.2,22.2,17.7
Adelaide,2000,514,22.6,17.6
Adelaide,2001,534.8,22.1,17.1
Adelaide,2002,323,22.4,18
Adelaide,2003,456.8,22.5,17.5
Adelaide,2004,426.3,22.6,18
Adelaide,2005,473.4,22.8,N/A
Adelaide,2006,234.6,23.1,18
Adelaide,2007,386.6,23.7,17.7
Adelaide,2008,292,22.8,18
Adelaide,2009,380.4,23.5,18.2
Adelaide,2010,491.6,22.5,17.4
Adelaide,2011,444.2,22.7,17
Adelaide,2012,414.8,22.8,17.6