city,year,rainfall,Mean Max Temperature,Solar exposure
Melbourne,1980,644.2,20.4,N/A
Melbourne,1981,602.2,20.6,N/A
Melbourne,1982,422.2,20.6,N/A
Melbourne,1983,612,19.6,N/A
Melbourne,1984,564.8,19.6,N/A
Melbourne,1985,678.2,19.9,N/A
Melbourne,1986,527.6,19.3,N/A
Melbourne,1987,655,19.7,N/A
Melbourne,1988,678.6,20.8,N/A
Melbourne,1989,792.8,20.1,N/A
Melbourne,1990,625.2,20.4,15.2
Melbourne,1991,720.6,20.2,15.5
Melbourne,1992,829.8,19.5,14.1
Melbourne,1993,844,20.4,14.5
Melbourne,1994,471.8,20.2,14.8
Melbourne,1995,803,19.4,14.6
Melbourne,1996,777,19.6,14.3
Melbourne,1997,359.8,20.8,15.1
Melbourne,1998,585,20.6,15.3
Melbourne,1999,610.4,21,15.1
Melbourne,2000,629.6,21,15.3
Melbourne,2001,605.2,20.6,14.8
Melbourne,2002,396.6,20.9,15.3
Melbourne,2003,493,20.7,15.7
Melbourne,2004,622.2,20.4,15.1
Melbourne,2005,590,21.4,N/A
Melbourne,2006,438.4,20.8,16.4
Melbourne,2007,448.4,21.8,16.1
Melbourne,2008,449.4,20.9,15.4
Melbourne,2009,464.8,21.6,15.8
Melbourne,2010,780.6,21,14.8
Melbourne,2011,832.4,20.9,14.5
Melbourne,2012,601.2,20.8,15.1